company_name,isin_code
Kino Polska TV Spółka Akcyjna,PLKNOPL00014
XTRADEBDM,PLXTRDM00011
RELPOL SA,PLRELPL00014
BANK HANDLOWY W WARSZAWIE SA,PLBH00000012
BENEFIT SYSTEMS SPÓŁKA AKCYJNA,PLBNFTS00018
TOYA SPÓŁKA AKCYJNA,PLTOYA000011
GLOBE TRADE CENTRE S.A.,PLGTC0000037
PCC ROKITA SPÓŁKA AKCYJNA,PLPCCRK00076
PROCAD SPÓŁKA AKCYJNA,removed
ORBIS SA,PLORBIS00014
WOJAS SPÓŁKA AKCYJNA,PLWOJAS00014
ABS INVESTMENT SPÓŁKA AKCYJNA,PLABSIN00012
GRUPA ŻYWIEC SA,PLZYWIC00016
BESKIDZKIE BIURO CONSULTINGOWE SPÓŁKA AKCYJNA,PLBBCLS00017
BIOMAXIMA SPÓŁKA AKCYJNA,PLBIOMX00015
AFORTI HOLDING SPÓŁKA AKCYJNA,PLMNTHL00016
MAXIMUS Spółka Akcyjna,PLMAXMS00010
E-MUZYKA SPÓŁKA AKCYJNA,PLEMZKA00019
AC SPÓŁKA AKCYJNA,PLACSA000014
MOBILE FACTORY SPÓŁKA AKCYJNA,removed
STOPKLATKA SPÓŁKA AKCYJNA,PLSTPKL00012
FORTUNA ENTERTAINMENT GROUP N.V.,removed
FABRYKA FARB I LAKIERÓW ŚNIEŻKA SA,PLSNZKA00033
TROPHYRES,removed
PRODUKTY KLASZTORNE SPÓŁKA AKCYJNA,removed
DOM MAKLERSKI IDM SA,PLIDMSA00044
LUG SPÓŁKA AKCYJNA,PLLUG0000010
IDEABANK-PDA ,PLIDEAB00013
FERRO SPÓŁKA AKCYJNA,PLFERRO00016
CSY SPÓŁKA AKCYJNA,removed
RSY SPÓŁKA AKCYJNA,PLRSYSA00014
ALTUS TOWARZYSTWO FUNDUSZY INWESTYCYJNYCH S.A.,PLATTFI00018
MACROLOGIC SA,PLMCSFT00018
QUERCUS TOWARZYSTWO FUNDUSZY INWESTYCYJNYCH SPÓŁKA AKCYJNA,PLQRCUS00012
CORELENS,removed
MADKOM SPÓŁKA AKCYJNA,PLMADKM00019
ATC CARGO SPÓŁKA AKCYJNA,PLATCRG00013
AGROTOUR SPÓŁKA AKCYJNA,PLAGRTR00011
HOTBLOK SPÓŁKA AKCYJNA,PLHOTB000011
EUROSYSTEM SPÓŁKA AKCYJNA,PLEURSS00014
i3D SPÓŁKA AKCYJNA,removed
SFD SPÓŁKA AKCYJNA,PLSFD0000013
VEE SPÓŁKA AKCYJNA,PLVCTCM00019
ATON-HT SPÓŁKA AKCYJNA,PLATNHT00014
CERTUS CAPITAL SPÓŁKA AKCYJNA,PLCRTCP00036
AGENCJA ROZWOJU INNOWACJI SPÓŁKA AKCYJNA,PLAGRIN00013
QUART DEVELOPMENT SPÓŁKA AKCYJNA,PLQRTDV00016
LOGZACT SPÓŁKA AKCYJNA,PLLGZCT00013
NANOTEL SPÓŁKA AKCYNA,PLNANTL00019
WIERZYCIEL SPÓŁKA AKCYJNA,PLWRZCL00014
BALTICON SPÓŁKA AKCYJNA,PLBLT0000013
GOLAB SPÓŁKA AKCYJNA,PLGOLAB00019
PLATIGE IMAGE SPÓŁKA AKCYJNA,PLPTGMG00013
IDH DEVELOPMENT SPÓŁKA AKCYJNA,PLICI0000010
GRUPA JAGUAR SPÓŁKA AKCYJNA,PLGPJGR00013
INTERSPORT POLSKA SPÓŁKA AKCYJNA,PLINTSP00038
FOREVER ENTERTAINMENT SPÓŁKA AKCYJNA,PLFRENT00014
FACHOWCY.PL VENTURES SPÓŁKA AKCYJNA,PLFCHVT00012
CITYSERV,EE3100126368
DOOK,PLDOOK000019
ASTRO Spółka Akcyjna,PLASTRO00013
EASTSIDECAPITAL SPÓŁKA AKCYJNA,PLEENRG00014
BIOMASS ENERGY PROJECT SPÓŁKA AKCYJNA,PLBMSEP00011
GO TOWARZYSTWO FUNDUSZY INWESTYCYJNYCH S.A.,PLGOTFI00016
B2BPARTNER SPÓŁKA AKCYJNA,PLZKPCM00011
ECOTECH POLSKA SPÓŁKA AKCYJNA,PLECTPL00019
SUMMA LINGUAE SPÓŁKA AKCYJNA,PLSMLNG00010
FITEN SPÓŁKA AKCYJNA,PLFITEN00013
TELEMEDYCYNA POLSKA SPÓŁKA AKCYJNA,PLTLMDC00018
STANDREW SPÓŁKA AKCYJNA,PLSTNDR00019
BLOOBER TEAM SPÓŁKA AKCYJNA,PLBLOBR00014
FOOTHILLS SPÓŁKA AKCYJNA,PLTLCMD00018
MEDAPP SPÓŁKA AKCYJNA,PLYLWHT00012
ART & BUSINESS MAGAZINE SPÓŁKA AKCYJNA,PLARTBM00013
MM CONFERENCES SPÓŁKA AKCYJNA,PLMMCNF00014
SHEEPYARD SPÓŁKA AKCYJNA,PLDRKND00010
INTELIWISE SPÓŁKA AKCYJNA,PLITLWS00012
GLOBAL TRADE SPÓŁKA AKCYJNA,PLGLBLT00015
HEFAL SERWIS SPÓŁKA AKCYJNA,PLHFLSW00013
ADMIRAL BOATS SPÓŁKA AKCYJNA,PLADMBT00013
HEMP & HEALTH SPÓŁKA AKCYJNA,PLEBCSL00011
MINOX SPÓŁKA AKCYJNA,PLMINOX00010
PRESTO SPÓŁKA AKCYJNA,PLPRSTO00011
LETUS CAPITAL SPÓŁKA AKCYJNA,PLGDVIS00018
MGM SYSTEMS SPÓŁKA AKCYJNA,PLMGMST00015
ACARTUS SPÓŁKA AKCYJNA,PLACRTS00018
BROWAR GONTYNIEC SPÓŁKA AKCYJNA,PLBRWRG00013
CONCEPT LIBERTY GROUP SPÓŁKA AKCYJNA,PLLBRTG00012
MOLIERA2 SPÓŁKA AKCYJNA,PLAIRMK00017
PLAYWAY SPÓŁKA AKCYJNA,PLPLAYW00015
KORBANK SPÓŁKA AKCYJNA,PLKRBNK00019
OCTAVA SPÓŁKA AKCYJNA,PLNFI0800016
ROVITA SPÓŁKA AKCYJNA,PLRVITA00019
PÓŁNOC NIERUCHOMOŚCI SPÓŁKA AKCYJNA,PLPNCNR00010
STILO ENERGY SPÓŁKA AKCYJNA,PLSTIGR00012
GWARANT AGENCJA OCHRONY SPÓŁKA AKCYJNA,PLGWRNT00014
INVESTMENT FRIENDS CAPITAL SPÓŁKA AKCYJNA,EE3100065392
GEOTRANS SPÓŁKA AKCYJNA,PLGEOTR00010
KRYNICA VITAMIN SPÓŁKA AKCYJNA,PLKRVTM00010
SCOPE FLUIDICS SPÓŁKA AKCYJNA,PLSCPFL00018
PRIMA MODA SPÓŁKA AKCYJNA,PLPRMMD00012
MINERAL MIDRANGE SPÓŁKA AKCYJNA,PLMNRLM00010
LK DESIGNER SHOPS SPÓŁKA AKCYJNA,PLLKDGS00015
ONE SOLUTION SPÓŁKA AKCYJNA,PLONESL00011
VABUN SPÓŁKA AKCYJNA,PLVBN0000015
BERLING SPÓŁKA AKCYJNA,PLBRLNG00015
ATLANTIS SPÓŁKA AKCYJNA,EE3100063686
WAWEL SPÓŁKA AKCYJNA,PLWAWEL00013
REINHOLD EUROPE AB SPÓŁKA AKCYJNA,SE0001856519
PMPG POLSKIE MEDIA SPÓŁKA AKCYJNA,PLPEKPL00010
VIVID GAMES SPÓŁKA AKCYJNA,PLVVDGM00014
POLWAX SPÓŁKA AKCYJNA,PLPOLWX00026
SHOPER SPÓŁKA AKCYJNA,PLSHPR000021
MFO SPÓŁKA AKCYJNA,PLMFO0000013
RANK PROGRESS SPÓŁKA AKCYJNA,PLRNKPR00014
FABRYKI SPRZĘTU I NARZĘDZI GÓRNICZYCH GRUPA KAPITAŁOWA FASING SPÓŁKA AKCYJNA,PLFSING00010
ERG SPÓŁKA AKCYJNA,PLERGZB00014
MOJ SPÓŁKA AKCYJNA,PLMOJ0000015
ATLAS ESTATES LIMITED,GB00B0WDBP88
PRZEDSIĘBIORSTWO PRZEMYSŁU SPOŻYWCZEGO PEPEES SPÓŁKA AKCYJNA,PLPEPES00018
LUBAWA SPÓŁKA AKCYJNA,PLLUBAW00013
PRAGMA FAKTORING SPÓŁKA AKCYJNA,PLGFPRE00040
P.R.E.S.C.O. GROUP SPÓŁKA AKCYJNA,PLPRESC00075
XBS PRO-LOG SPÓŁKA AKCYJNA,PLPROLG00013
SUWARY SPÓŁKA AKCYJNA,PLSUWAR00014
WERTH-HOLZ SPÓŁKA AKCYJNA,PLWRTHL00016
DEKTRA SPÓŁKA AKCYJNA,PLDKTRA00013
DOM LEKARSKI SPÓŁKA AKCYJNA,PLDMLKR00023
AGORA SPÓŁKA AKCYJNA,PLAGORA00067
POLSKIE GÓRNICTWO NAFTOWE I GAZOWNICTWO SPÓŁKA AKCYJNA,PLPGNIG00014
KAMPA SPÓŁKA AKCYJNA,removed
GRUPA TRINITY SPÓŁKA AKCYJNA,PLGTRNT00010
AKCEPT FINANCE SPÓŁKA AKCYJNA,PLAKCFN00013
NOVAVIS GROUP SPÓŁKA AKCYJNA,PLNFI0500012
EUROPEJSKI FUNDUSZ ENERGII SPÓŁKA AKCYJNA,PLINTRW00028
POLMAN SPÓŁKA AKCYJNA,PLPOLMN00010
ZAKŁADY MAGNEZYTOWE ROPCZYCE SPÓŁKA AKCYJNA,PLROPCE00017
PRYMUS SPÓŁKA AKCYJNA,PLPRMUS00013
INCANA SPÓŁKA AKCYJNA,PLINCNA00011
VR FACTORY GAMES SPÓŁKA AKCYJNA,PLSFLND00011
LS TECH-HOMES SPÓŁKA AKCYJNA,PLLSTHM00015
S4E SPÓŁKA AKCYJNA,PLS4E0000015
LAUREN PESO POLSKA SPÓŁKA AKCYJNA,PLLRPSP00015
IAI SPÓŁKA AKCYJNA,PLIAI0000014
MARKA SPÓŁKA AKCYJNA,PLMARKA00014
DASE FINANCIAL GROUP SPÓŁKA AKCYJNA,PLDSFNG00011
EXCELLENCE SPÓŁKA AKCYJNA,PLEXCLN00016
ABAK SPÓŁKA AKCYJNA,PLABAK000013
AGROMA SPÓŁKA AKCYJNA,PLAGROM00013
ARTS ALLIANCE GK SPÓŁKA AKCYJNA,PLMIDVN00017
VENITI SPÓŁKA AKCYJNA,PLVENIT00010
GRUPA KONSULTINGOWO-INŻYNIERYJNA KOMPLEKS SPÓŁKA AKCYJNA,PLGKIKM00019
PGS SOFTWARE SPÓŁKA AKCYJNA,PLSFTWR00015
PRZEDSIĘBIORSTWO TELEKOMUNIKACYJNE TELGAM SPÓŁKA AKCYJNA,PLPTLTG00018
VIATRON SPÓŁKA AKCYJNA,PLVTRON00010
INTERFERIE SPÓŁKA AKCYJNA,PLINTFR00023
PARCEL TECHNIK SPÓŁKA AKCYJNA,PLBMRNG00013
KANCELARIA MEDIUS SPÓŁKA AKCYJNA,PLMDIUS00018
IMPEXMETAL SPÓŁKA AKCYJNA,PLIMPXM00019
CDRL SPÓŁKA AKCYJNA,PLCDRL000043
CANNABIS POLAND SPÓŁKA AKCYJNA,PLBLOCM00013
TRUE GAMES SYNDICATE SPÓŁKA AKCYJNA,PLKKHRB00011
UNIMOT SPÓŁKA AKCYJNA,PLUNMOT00013
LANGLOO.COM SPÓŁKA AKCYJNA,PLLANGL00010
FORPOSTA SPÓŁKA AKCYJNA,PLFRPST00019
HUB.TECH SPÓŁKA AKCYJNA,PLBRTZM00010
SKOCZOWSKA FABRYKA KAPELUSZY POLKAP SPÓŁKA AKCYJNA,PLSFKPL00011
ORGANIC FARMA ZDROWIA SPÓŁKA AKCYJNA,PLORGNK00010
CARBON GROUP SPÓŁKA AKCYJNA,PLEKTRM00016
NEPTIS SPÓŁKA AKCYJNA,PLNEPTS00011
MAKOLAB SPÓŁKA AKCYJNA,PLMKLAB00023
BGE SPÓŁKA AKCYJNA,PLBGE0000015
PCF GROUP SPÓŁKA AKCYJNA,PLPCFGR00010
BIO PLANET SPÓŁA AKYCJNA,PLBIOPL00013
AGROMEP SPÓŁKA AKCYJNA,PLAGRMP00010
READ-GENE SPÓŁKA AKCYJNA,PLRADGN00014
XSYSTEM SPÓŁKA AKCYJNA,PLXSTEM00017
MR HAMBURGER SPÓŁKA AKCYJNA,PLLSNRN00015
FINHOUSE SPÓŁKA AKCYJNA,PLFINHS00018
GRUPA KLEPSYDRA SPÓŁKA AKCYJNA,PLMRTIN00011
TYLKO PIŁKA SPÓŁKA AKCYJNA,removed
MZN PROPERTY SPÓŁKA AKCYJNA,PLMORZN00016
LOGINTRADE SPÓŁKA AKCYJNA,PLLGNTD00017
SFERANET SPÓŁKA AKCYJNA,PLSFRNT00014
BIOMAXIMA SPÓŁKA AKCYJNA,PLBIOMX00015
BELEAF SPÓŁKA AKCYJNA,PLBLTXG00010
CENTRUM WSPIERANIA PROJEKTÓW EUROPEJSKICH SPÓŁKA AKCYJNA,PLCWPE000017
ICP GROUP SPÓŁKA AKCYJNA,removed
SYMBIO POLSKA SPÓŁKA AKCYJNA,PLSMBI000013
EFICOM SPÓŁKA AKCYJNA,removed
AUTO-SPA SPÓŁKA AKCYJNA,removed
BGS ENERGY PLUS A.S.,CZ0005121707
XPLUS SPÓLKA AKCYJNA,PLXPLUS00013
ALUMAST SPÓŁKA AKCYJNA,PLALMST00010
PREMIUM FOOD RESTAURANTS SPÓŁKA AKCYJNA,removed
JUJUBEE SPÓŁKA AKCYJNA,PLJJBEE00028
MEDICOFARMA BIOTECH SPÓŁKA AKCYJNA,PLINBOK00010
ICE CODE GAMES SPÓŁKA AKCYJNA,PLDGTAV00013
HURTIMEX SPÓŁKA AKCYJNA,PLHRTIM00013
A.P.N. PROMISE SPÓŁKA AKCYJNA,PLAPNPS00017
GRUPA EMMERSON SPÓŁKA AKCYJNA,PLEMRCP00011
EMMERSON REALTY SPÓŁKA AKCYJNA,PLEMRSN00012
SOLAR INNOVATION SPÓŁKA AKCYJNA,PLTABLO00012
POLSKA GRUPA MILITARNA SPÓŁKA AKCYJNA,PLVNTCP00019
M4B SPÓŁKA AKCYJNA,PLM4B0000017
GAMEDUST SPÓŁKA AKCYJNA,PLINSTC00010
SUNTECH SPÓŁKA AKCYJNA,PLSNTCH00012
OPTIGIS SPÓŁKA AKCYJNA,PLIMAGS00013
HM INWEST SPÓŁKA AKCYJNA,PLHMINW00016
SERINUS ENERGY PLC,JE00BNNMKT29
GRUPA HRC SPÓŁKA AKCYJNA,PLGRHRC00012
GENESIS ENERGY SPÓŁKA AKCYJNA,PLDVCOM00018
ALCHEMIA SPÓŁKA AKCYJNA,PLGRBRN00012
CASPAR ASSET MANAGEMENT SPÓŁKA AKCYJNA,PLCSPAM00017
LOKATY BUDOWLANE SPÓŁKA AKCYJNA,PLFBRD000018
VENO SPÓŁKA AKCYJNA,removed
PHARMENA SPÓŁKA AKCYJNA,PLPHRMN00011
INVICO SPÓŁKA AKCYJNA,PLPRGTR00019
REVITUM SPÓŁKA AKCYJNA,PLRVTUM00019
GC INVESTMENT SPÓŁKA AKCYJNA,PLGCINV00011
SEKA SPÓŁKA AKCYJNA,removed
TARCZYŃSKI SPÓŁKA AKCYJNA,PLTRCZN00016
GRUPA RECYKL SPÓŁKA AKCYJNA,PLRCKL000010
MODECOM SPÓŁKA AKCYJNA,PLMDCOM00017
BRAS SPÓŁKA AKCYJNA,PLINVNT00011
MAKORA KROŚNIEŃSKA HUTA SZKŁA SPÓŁKA AKCYJNA,PLMRKHS00011
DYWILAN SPÓŁKA AKCYJNA,PLDWLAN00014
BANK BPH SA,PLBPH0000019
INWESTYCJE ALTERNATYWNE PROFIT SPÓŁKA AKCYJNA,removed
WODKAN PRZEDSIĘBIORSTWO WODOCIĄGÓW I KANALIZACJI SA,PLWDKAN00016
INVESTEKO SPÓŁKA AKCYJNA,PLIVSTK00016
UNITED LABEL SPÓŁKA AKCYJNA,PLUNTDL00018
DEVO ENERGY SPÓŁKA AKCYJNA,PLVGUAR00011
GREMPCO SPÓŁKA AKCYJNA,PLGRMPC00016
PILAB SPÓŁKA AKCYJNA,PLPILAB00012
EZO SPÓŁKA AKCYJNA,PLEZOSA00018
AMREST HOLDINGS SE,ES0105375002
OPEN - NET SPÓŁKA AKCYJNA, removed
MILISYSTEM SPÓŁKA AKCYJNA,PL2INTC00018
MERCOR SPÓŁKA AKCYJNA,PLMRCOR00016
MEGA SONIC SPÓŁKA AKCYJNA,PLMGSNC00019
STEM CELLS SPIN SPÓŁKA AKCYJNA,PLSTCLS00013
INDEXMEDICA SPÓŁKA AKCYJNA,removed
CENTRUM FINANSOWE BANKU BPS SPÓŁKA AKCYJNA,PLCFBPS00019
EASYCALL.PL SPÓŁKA AKCYJNA,PLESCLL00010
GENOMED SPÓŁKA AKCYJNA,PLGNOMD00024
SAPLING SPÓŁKA AKCYJNA,removed
BLACK POINT SPÓŁKA AKCYJNA,PLBLKPT00018
POLTRONIC SPÓŁKA AKCYJNA,PLPLTRN00018
BTC STUDIOS SPÓŁKA AKCYJNA,PLDMNMN00016
POLSKIE TOWARZYSTWO WSPIERANIA PRZEDSIĘBIORCZOŚCI SPÓŁKA AKCYJNA,PLPTWP000015
MAGNIFICO SPÓŁKA AKCYJNA,PLMGNFC00016
FIGENE CAPITAL SPÓŁKA AKCYJNA,PLGPPIK00011
INNO GENE SPÓŁKA AKCYJNA,PLINNGN00015
TAX-NET SPÓŁKA AKCYJNA,PLTAXNT00011
CTE,PLCNSPR00019
MEDCAMP SPÓŁKA AKCYJNA,PLTCHPR00019
SAULE TECHNOLOGIES SPÓŁKA AKCYJNA,PLBLMPI00017
MOSTOSTAL WROCŁAW SPÓŁKA AKCYJNA,removed
SAKANA SPÓŁKA AKCYJNA,PLSAKAN00010
INTERNITY SPÓŁKA AKCYJNA,PLINTNT00015
VELTO SPÓŁKA AKCYJNA,PLVELTO00012
EUROCENT SPÓŁKA AKCYJNA,PLERCNT00011
BALTIC CERAMICS INVESTMENTS SPÓŁKA AKCYJNA,PLINPNT00013
NETWISE SPÓŁKA AKCYJNA,PLNETWS00017
AQUA SPÓŁKA AKCYJNA,PLAQUA000014
VERBICOM SPÓŁKA AKCYJNA,PLVRBCM00015
REMEDIS S.A.,PLREMDS00021
MARSOFT SPÓŁKA AKCYJNA,PLMRSFT00016
GARIN SPÓŁKA AKCYJNA,PLABNET00019
RUCH CHORZÓW SPÓŁKA AKCYJNA,PLRCHZW00012
IGORIA TRADE SPÓŁKA AKCYJNA,PLIGRTR00014
FABRYKA KONSTRUKCJI DREWNIANYCH SPÓŁKA AKCYJNA,PLFKDRW00016
UNIFIED FACTORY SPÓŁKA AKCYJNA,PLDTBRK00037
LIVECHAT SOFTWARE SPÓŁKA AKCYJNA,PLLVTSF00010
KREDYT INKASO SPÓŁKA AKCYJNA,PLKRINK00014
SWISSMED PRYWATNY SERWIS MEDYCZNY SPÓŁKA AKCYJNA,PLSWMED00013
SWISSMED CENTRUM ZDROWIA SA,PLSWMED00013
LUKARDI SPÓŁKA AKCYJNA,PLSAP0000018
MAŁKOWSKI-MARTECH SPÓŁKA AKCYJNA,PLMLKMR00016
VIDIS SPÓŁKA AKCYJNA,PLVIDIS00014
GETIN SERVICE PROVIDER SPÓŁKA AKCYJNA,PLGSPR000014
PRZEDSIĘBIORSTWO MODERNIZACJI URZĄDZEŃ ENERGETYCZNYCH REMAK SA,PLREMAK00016
POLMT,PLPOLMT00017
BETACOM SA,PLBTCOM00016
KOMPUTRONIK SPÓŁKA AKCYJNA,PLKMPTR00012
STAR FITNESS SPÓŁKA AKCYJNA,PLSTRFT00011
PLAYMAKERS SPÓŁKA AKCYJNA,removed
7FIT SPÓŁKA AKCYJNA,PLTRCPS00016
OLYMPIC ENTERTAINMENT GROUP AS,EE3100084021
LUBELSKI WĘGIEL BOGDANKA SPÓŁKA AKCYJNA,PLLWBGD00016
CENTRUM NOWOCZESNYCH TECHNOLOGII SA,PLERGPL00014
POWSZECHNA KASA OSZCZĘDNOŚCI BANK POLSKI SA,PLPKO0000016
JASTRZĘBSKA SPÓŁKA WĘGLOWA SPÓŁKA AKCYJNA,PLJSW0000015
HELIO SPÓŁKA AKCYJNA,PLHELIO00014
PPH WADEX S.A.,removed
QUMAK SA,PLQMKSK00017
DROZAPOL-PROFIL SA,PLDRZPL00032
GRUPA KAPITAŁOWA IMMOBILE SPÓŁKA AKCYJNA,PLMAKRM00019
3R GAMES SPÓŁKA AKCYJNA,PLGRNKT00019
WISTIL SA,removed
W INVESTMENTS SA,PLARIEL00046
ZUE SPÓŁKA AKCYJNA,PLZUE0000015
KORPORACJA BUDOWLANA DOM SA,PLTRAST00020
ECHO INVESTMENT SPÓŁKA AKCYJNA,PLECHPS00019
CELTIC PROPERTY DEVELOPMENTS SPÓŁKA AKCYJNA,PLCELPD00013
ESOTIQ & HENDERSON SA,PLESTHN00018
RAFAKO SA,PLRAFAK00018
WIKANA SA,PLELPO000016
MANYDEV,PLADDRG00015
ROBYG SPÓŁKA AKCYJNA,PLROBYG00016
PKP CARGO SPÓŁKA AKCYJNA,PLPKPCR00011
IZOSTAL SPÓŁKA AKCYJNA,PLIZSTL00015
WANDALEX SA,PLWNDLX00024
FABRYKI MEBLI FORTE SA,PLFORTE00012
UNIBEP SPÓŁKA AKCYJNA,PLUNBEP00015
PRAGMA INKASO SPÓŁKA AKCYJNA,PLPRGNK00017
ABC DATA SPÓŁKA AKCYJNA,PLABCDT00014
SANOK RUBBER COMPANY SPÓŁKA AKCYJNA,PLSTLSK00016
LPP SA,PLLPP0000011
KGHM POLSKA MIEDŹ SPÓŁKA AKCYJNA,PLKGHM000017
PRZEDSIĘBIORSTWO HANDLU ZAGRANICZNEGO BALTONA SPÓŁKA AKCYJNA,PLBALTN00014
ATM GRUPA SA,PLATM0000021
AMBRA S.A.,PLAMBRA00013
BANK GOSPODARKI ŻYWNOŚCIOWEJ SA,PLBGZ0000010
NEW TECH CAPITAL SA,PLECMNG00019
SYNEKTIK SPÓŁKA AKCYJNA,PLSNKTK00019
LIBET SPÓŁKA AKCYJNA,PLLBT0000013
ELEKTROCIEPLOWNIA BĘDZIN SA,PLECBDZ00013
ZETKAMA FABRYKA ARMATURY PRZEMYSŁOWEJ SPÓŁKA AKCYJNA,PLZTKMA00017
EKOKOGENERACJA SPÓŁKA AKCYJNA,PLEKGNR00011
PLANET SOFT SPÓŁKA AKCYJNA,PLPLNTS00016
Korporacja Budowlana Kopahaus S.A.,PLKPHUS00018
AIRWAY MEDIX SA,PLAIRWY00017
SKARBIEC HOLDING SPÓLKA AKCYJNA,PLSKRBH00014
Infovide-Matrix Spółka Akcyjna,PLMATRX00017
TREX SPÓŁKA AKCYJNA,PLAUXLM00026
PFLEIDERER GROUP SA,PLZPW0000017
Rubicon Partners SA,PLNFI0500012
VISTULA GROUP SA,PLVSTLA00011
CD PROJEKT Spółka Akcyjna,PLOPTTC00011
PRIMETECH SPÓŁKA AKCYJNA,PLKOPEX00018
TERMO-REX SPÓŁKA AKCYJNA,PLTRMRX00011
HORNIGOLD REIT SPÓŁKA AKCYJNA,PLMBLPR00018
IMPEL SA,PLIMPEL00011
COMECO SPÓŁKA AKCYJNA,PLCOMEC00016
VAKOMTEK SPÓŁKA AKCYJNA,PLVKMTK00015
MYCODERN SPÓŁKA AKCYJNA,PLMDNPL00013
KLEBA INVEST SPÓŁKA AKCYJNA,PLWTTMN00075
FLUID SA,PLFLUID00017
MLP GROUP SPÓŁKA AKCYJNA,PLMLPGR00017
MILESTONE MEDICAL INC,USU6005B1045
DROP SPÓLKA AKCYJNA,PLDROP000011
ALFA STAR SPÓŁKA AKCYJNA,PLDBNSZ00010
BLACK PEARL CAPITAL SPÓŁKA AKCYJNA,PLBLKPC00014
MIT Mobile Internet Technology SA,removed
MNI SA,PLSZPTL00010
Hyperion Spółka Akcyjna,PLHPRON00017
CYFROWE CENTRUM SERWISOWE SPÓŁKA AKCYJNA,PLCCS0000012
MEDICA PRO FAMILIA SPÓŁKA AKCYJNA,PLMDCPF00018
2C PARTNERS SPÓŁKA AKCYJNA,PL2CPRT00030
PRZEDSIĘBIORSTWO MONTAŻU KONSTRUKCJI STALOWYCH I URZĄDZEŃ GÓRNICZYCH PEMUG SA,PLPEMUG00016
MO-BRUK SPÓŁKA AKCYJNA,PLMOBRK00013
ONE MORE LEVEL SPÓŁKA AKCYJNA,PLLSRMD00018
TECHMADEX SPÓŁKA AKCYJNA,PLTHMDX00012
EXAMOBILE SPÓŁKA AKCYJNA,PLEXMBL00010
VEDIA SPÓLKA AKCYJNA,PLVEDIA00011
PEMANAGER,PLPREQM00011
INFRA SPÓŁKA AKCYJNA,PLINFRA00015
VERTE SA,PLVERTE00010
KCI SA,PLPONAR00012
CYFROWY POLSAT SPOŁKA AKCYJNA,PLCFRPT00013
OPONEO.PL SPÓŁKA AKCYJNA,PLOPNPL00013
TAURON POLSKA ENERGIA SPÓŁKA AKCYJNA,PLTAURN00011
ED INVEST SPÓŁKA AKCYJNA,PLEDINV00014
GRUPA AZOTY SPÓŁKA AKCYJNA,PLZATRM00012
GRUPA AZOTY ZAKŁADY CHEMICZNE POLICE S.A.,PLZCPLC00036
GRUPA AZOTY ZAKŁADY AZOTOWE "PUŁAWY" SA,PLZAPUL00057
ELEKTROTIM SPÓŁKA AKCYJNA,PLELEKT00016
ES-SYSTEM SPÓŁKA AKCYJNA,removed
ENERGOINSTAL SPÓŁKA AKCYJNA,PLERGIN00015
HUTMEN SA,removed
ZAKŁADY PRZEMYSŁU CUKIERNICZEGO OTMUCHÓW SPÓŁKA AKCYJNA,PLZPCOT00018
EGB INVESTMENTS SPÓŁKA AKCYJNA,PLEGBIV00012
ORZEŁ BIAŁY SPÓŁKA AKCYJNA,PLORZBL00013
PAGED SA,PLPAGED00017
INTROL SPÓŁKA AKCYJNA,PLINTRL00013
POLIMEX-MOSTOSTAL S.A.,PLMSTSD00019
EDITEL POLSKA SPÓŁKA AKCYJNA,PLEDSON00018
PCC INTERMODAL SPÓŁKA AKCYJNA,PLPCCIM00014
P.A. NOVA SPÓŁKA AKCYJNA,PLPANVA00013
MAKARONY POLSKIE SPÓŁKA AKCYJNA,PLMKRNP00015
LEXBONO SPÓŁKA AKCYJNA,PLBVTSA00012
SELVITA SPÓŁKA AKCYJNA,PLSLVCR00029
GREMI MEDIA SA,PLGRMID00019
PLATIGE IMAGE SPÓŁKA AKCYJNA,PLPTGMG00013
ALIOR BANK SPÓŁKA AKCYJNA,PLALIOR00045
AWBUD SA,PLINSTL00011
AZTEC INTERNATIONAL SPÓŁKA AKCYJNA,PLAZTEC00011
LOKUM,PLLKMDW00049
IPOPEMA SECURITIES SPÓŁKA AKCYJNA,PLIPOPM00011
AEDES SPÓŁKA AKCYJNA,PLAEDES00016
ALTA SA,PLTRNSU00013
TOWARZYSTWO FINANSOWE SPÓŁDZIELCZYCH KAS OSZCZĘDNOŚCIOWO-KREDYTOWYCH SPÓŁKA AKCYJNA,removed
DTP SPÓŁKA AKCYJNA,PLDTP0000010
VANTAGE DEVELOPMENT SPÓŁKA AKCYJNA,PLVTGDL00010
VIRTUAL VISION SPÓŁKA AKCYJNA,PLVRTLV00019
WIRTUALNA POLSKA HOLDING,PLWRTPL00027
OPEN FINANCE SPÓŁKA AKCYJNA,PLOPNFN00010
GRUPA LOTOS SA,PLLOTOS00025
BYTOM SA,PLBYTOM00010
CAPITAL PARTNERS SA,PLCPTLP00015
CCC S.A.,PLCCC0000016
mBank SA,PLBRE0000012
ERGIS SPÓŁKA AKCYJNA,PLEUFLM00017
MENNICA POLSKA SA,PLMNNCP00011
CLEAN&CARBON ENERGY SA,PLKAREN00014
CALATRAVA CAPITAL SA,PLBRSTM00015
BUDOPOL-WROCŁAW SA,removed
IZOLACJA-JAROCIN SA,PLIZCJR00017
AMPLI SA,PLAMPLI00019
AMICA WRONKI SA,PLAMICA00010
COAL ENERGY S.A.,LU0646112838
ATLANTA POLAND SA,PLATLPL00018
AB Spółka Akcyjna,PLAB00000019
DOM DEVELOPMENT SPÓŁKA AKCYJNA,PLDMDVL00012
RAINBOW TOURS SPÓŁKA AKCYJNA,PLRNBWT00031
NETMEDIA SPÓŁKA AKCYJNA,PLNTMDA00018
AUGA GROUP AB,LT0000127466
MUZA SA,PLMUZA000019
VOTUM SPÓŁKA AKCYJNA,PLVOTUM00016
AILLERON SPÓŁKA AKCYJNA,PLWNDMB00010
SECO/WARWICK SPÓŁKA AKCYJNA,PLWRWCK00013
PGO S.A,PLPGO0000014
SIMTERACT SPÓŁKA AKCYJNA,PLSMTRC00013
CHEMOSERVIS-DWORY SPÓŁKA AKCYJNA,PLCHMDW00010
PROCHEM SA,PLPRCHM00014
KORPORACJA GOSPODARCZA EFEKT SA,PLEFEKT00018
COMARCH SA,PLCOMAR00012
LUBELSKIE ZAKŁADY PRZEMYSŁU SKÓRZANEGO PROTEKTOR Spółka Akcyjna,PLLZPSK00019
BUMECH SPÓŁKA AKCYJNA,PLBMECH00012
FMG,PLTHP0000011
WIELTON SPÓŁKA AKCYJNA,PLWELTN00012
DELKO SPÓŁKA AKCYJNA,PLDELKO00019
PGFGROUP,PLZSTAL00012
MOSTOSTAL ZABRZE HOLDING SA,PLMSTZB00018
ZAMET INDUSTRY SPÓŁKA AKCYJNA,PLZAMET00010
GRAAL SA,PLGRAAL00022
MIRBUD SPÓŁKA AKCYJNA,PLMRBUD00015
KONSORCJUM STALI SPÓŁKA AKCYJNA,PLKCSTL00010
MIDAS SA,PLNFI0900014
WASKO SPÓŁKA AKCYJNA,PLHOGA000041
EMPERIA HOLDING SA,PLELDRD00017
TRITON DEVELOPMENT SA,PLASMOT00030
ODLEWNIE POLSKIE SA,PLODLPL00013
HERKULES  Spółka Akcyjna,PLZRWZW00012
PAMAPOL SPÓŁKA AKCYJNA,PLPMPOL00031
Narodowy Fundusz Inwestycyjny Empik Media & Fashion S.A.,PLNFI1500011
INTERBUD-LUBLIN SPÓŁKA AKCYJNA,PLINTBD00014
PANI TERESA MEDICA SPÓŁKA AKCYJNA,PLPTMED00015
LABO PRINT SPÓŁKA AKCYJNA,PLLBPRT00013
COMP SA,PLCMP0000017
VARIANT SPÓŁKA AKCYJNA,removed
INTER CARS SA,PLINTCS00010
DOM MAKLERSKI WDM S. A.,PLWDM0000037
PC GUARD S.A.,PLGUARD00019
PEKABEX,PLPKBEX00072
SANWIL HOLDING SA,PLSANWL00012
BIOTON SA,PLBIOTN00029
IndygoTech Minerals SPÓŁKA AKCYJNA,PLLSTIA00018
NORTH COAST SPÓŁKA AKCYJNA,PLNRTHC00014
SCO-PAK SPÓŁKA AKCYJNA,PLSCOPK00012
REGNON SPÓŁKA AKCYJNA,PLPRNTC00017
CREEPY JAR SPÓŁKA AKCYJNA,PLCRPJR00019
SKYLINE INVESTMENT SPÓŁKA AKCYJNA,PLSKLNW00011
TRAKCJA-TILTRA SPÓŁKA AKCYJNA,PLTRKPL00014
KRAKCHEMIA SPÓŁKA AKCYJNA,PLKRKCH00019
WITTCHEN,PLWTCHN00030
INTERNET MEDIA SERVICES SPÓŁKA AKCYJNA,PLINTMS00019
BOWIM SA,PLBOWM000019
INPRO SPÓŁKA AKCYJNA,PLINPRO00015
POWSZECHNY ZAKŁAD UBEZPIECZEŃ SPÓŁKA AKCYJNA,PLPZU0000011
BIGCHEESE,PLA340200015
SUNEX SPÓŁKA AKCYJNA,PLSUNEX00013
POLSKI HOLDING NIERUCHOMOŚCI SPÓŁKA AKCYJNA,PLPHN0000014
ARCHICOM,PLARHCM00016
LESS GROCLIN SA,PLINTGR00013
FABRITY HOLDING SPÓŁKA AKCYJNA,PLK2ITR00010
CAPTORTX,PLCPTRT00014
VOXEL SPÓŁKA AKCYJNA,PLVOXEL00014
GRUPA PRACUJ SPÓŁKA AKCYJNA,PLGRPRC00015
MABION SPÓŁKA AKCYJNA,PLMBION00016
REDAN SA,PLREDAN00019
BIOMED-LUBLIN WYTWÓRNIA SUROWIC I SZCZEPIONEK SPÓŁKA AKCYJNA,PLBMDLB00018
11 BIT STUDIOS SPÓŁKA AKCYJNA,PL11BTS00015
STALPRODUKT SA,PLSTLPD00017
Zakłady Urządzeń Kotłowych "Stąporków" Spółka Akcyjna,PLSTPRK00019
PRZEDSIĘBIORSTWO HYDRAULIKI SIŁOWEJ 'HYDROTOR' SA,PLHDRTR00013
CI GAMES SPÓŁKA AKCYJNA,PLCTINT00018
Boryszew Spółka Akcyjna,PLBRSZW00011
VIGOSYS,PLVIGOS00015
VENTURE INCUBATOR SPÓŁKA AKCYJNA,PLVNTIN00011
APATOR SA,PLAPATR00018
Budimex SA,PLBUDMX00013
IZOBLOK SPÓŁKA AKCYJNA,PLIZBLK00010
POLMED SPÓŁKA AKCYJNA,PLPOLMD00011
KRUK SPÓŁKA AKCYJNA,PLKRK0000010
NEWAG SPÓŁKA AKCYJNA,PLNEWAG00012
HARPER HYGIENICS SPÓŁKA AKCYJNA,PLHRPHG00023
SELENA FM SPÓŁKA AKCYJNA,PLSELNA00010
APLISENS SPÓŁKA AKCYJNA,PLAPLS000016
MARVIPOL SPÓŁKA AKCYJNA,PLMRVDV00011
PLAYWAY,PLPLAYW00015
ACTION Spółka Akcyjna,PLACTIN00018
KERNEL HOLDING S.A.,LU0327357389
ASSETUS SPÓŁKA AKCYJNA,PLASSTS00012
ZAKŁADY URZĄDZEŃ KOMPUTEROWYCH ELZAB SA,PLELZAB00010
WAT SA,PLACKRM00010
UNIVERSE SPÓŁKA AKCYJNA,PLALDA000010
STALEXPORT AUTOSTRADY Spółka Akcyjna,PLSTLEX00019
SANTANDER BANK POLSKA SPÓŁKA AKCYJNA,PLBZ00000044
ATENDE SPÓŁKA AKCYJNA,PLATMSI00016
INC Spółka Akcyjna,PLINCLT00015
IMPERA CAPITAL SPÓŁKA AKCYJNA,PLNFI0700018
PBKM,PLPBKM000012
GETIN NOBLE BANK SPÓŁKA AKCYJNA,PLGETBK00012
BIOGENED SPÓŁKA AKCYJNA,PLBIOGN00018
TXM SA,PLTXM0000015
KANCELWEC-PDA,removed
INTERNET UNION SPÓŁKA AKCYJNA,PLINTUN00013
EMC INSTYTUT MEDYCZNY SA,PLEMCIM00017
ALLEGRO,LU2237380790
SILVAIR-REGS,USU827061099
CENTRUM MEDYCZNE ENEL-MED SPÓŁKA AKCYJNA,PLENLMD00017
ZESPÓŁ ELEKTROWNI PĄTNÓW-ADAMÓW-KONIN SPÓŁKA AKCYJNA,PLZEPAK00012
COMPREMUM SPÓŁKA AKCYJNA,PLPZBDT00013
MEDICALGORITHMICS SPÓŁKA AKCYJNA,PLMDCLG00015
WORK SERVICE SPÓŁKA AKCYJNA,PLWRKSR00019
DEKPOL-PDA,PLDEKPL00032
MOLECURE,PLONCTH00011
PCF GROUP,PLPCFGR00010
TALEX SA,PLTALEX00017
AB INTER RAO LIETUVA,LT0000128621
EKO EXPORT SPÓŁKA AKCYJNA,PLEKEP000019
MEGARON SPÓŁKA AKCYJNA,PLMGRON00016
GIEŁDA PRAW MAJĄTKOWYCH VINDEXUS SPÓŁKA AKCYJNA,PLVNDEX00013
AUTOMOTIVE COMPONENTS EUROPE S.A.,LU0299378421
PBO ANIOŁA SPÓŁKA AKCYJNA,PLPBONL00013
MDI ENERGIA SPÓŁKA AKCYJNA,PLNFI1000012
eCARD Spółka Akcyjna,PLECARD00012
Unima 2000 Systemy Teleinformatyczne S.A,PLUNMST00014
JUPITER NARODOWY FUNDUSZ INWESTYCYJNY SA,PLNFI0300017
PETROLINVEST SPÓŁKA AKCYJNA,PLPTRLI00018
ORPHEE LTD,CH0197761098
PLASMA SYSTEM SPÓŁKA AKCYJNA,PLPLSMS00010
WISE FINANCE SPÓŁKA AKCYJNA,PLPLPGR00010
TELESTRADA SPÓŁKA AKCYJNA,PLTLSTD00019
SYNERGA.FUND SPÓŁKA AKCYJNA,PLMWTNS00010
J.W. CONSTRUCTION HOLDING SPÓŁKA AKCYJNA,removed
MAGELLAN SPÓŁKA AKCYJNA,PLMGLAN00018
M. W. TRADE S.A.,PLMWTRD00013
MOL Magvar Olaj - es Gazipari Nyilvanosan Mukodo Reszvenvtarsasag,HU0000153937
INDOS,PLINDOS00035
BLIRT SPÓŁKA AKCYJNA,PLBLIRT00018
SZAR SPÓŁKA AKCYJNA,PLSZAR000018
MOSTOSTAL PŁOCK SA,PLMSTPL00018
SESCOM SPÓŁKA AKCYJNA,PLSESCM00013
BROAD GATE SPÓŁKA AKCYJNA,PLBRDGT00019
PRIME ALTERNATYWNA SPÓŁKA INWESTYCYJNA SPÓŁKA AKCYJNA,PLRKLMF00010
CERAMIKA NOWA GALA SA,PLCRMNG00029
T&T PROENERGY SPÓŁKA AKCYJNA,PLVCAOC00015
TERMO2PWR SA,PLTRMPR00017
BINARY HELIX SPÓŁKA AKCYJNA,PLBNRHL00013
ADATEX SPÓŁKA AKCYJNA,PLPIK0000018
LOYD SPÓŁKA AKCYJNA,PLPHLRK00019
ONE2TRIBE SPÓŁKA AKCYJNA,PLJWASA00013
TERRA SPÓŁKA AKCYJNA,removed
EO NETWORKS SPÓŁKA AKCYJNA,PLEONTW00016
CENTURION FINANCE ASI SPÓŁKA AKCYJNA,PLSTRGM00014
SEDIVIO SPÓŁKA AKCYJNA,PLEC20000010
JANTAR DEVELOPMENT SPÓŁKA AKCYJNA,PL4STUD00016
AUXILIA SA,PLAXILA00018
INSTAL KRAKÓW SA,PLINSTK00013
TERMOEXPERT SPÓŁKA AKCYJNA,PLTRMEX00019
SOFTBLUE SA,PLSFTBL00012
AGROLIGA GROUP PLC,CY0101452114
LENA LIGHTING SA,PLLENAL00015
PATENTUS SPÓŁKA AKCYJNA,PLPTNTS00019
KUPIEC SPÓŁKA AKCYJNA,PLKUPIC00010
BRASTER SPÓŁKA AKCYJNA,PLBRSTR00014
ROCCA SPÓŁKA AKCYJNA,PLROCCA00013
HYDRAPRES SPÓŁKA AKCYJNA,PLHDRAP00017
MILKPOL SPÓŁKA AKCYJNA,PLMLKPL00012
STANUSCH TECHNOLOGIES SPÓŁKA AKCYJNA,PLSTNTH00016
ERBUD SPÓŁKA AKCYJNA,PLERBUD00012
ALKAL SPÓŁKA AKCYJNA,PLALKAL00019
ZAKŁADY TŁUSZCZOWE KRUSZWICA SA,PLKRUSZ00016
PREFABET - BIAŁE BŁOTA SPÓŁKA AKCYJNA,PLPRFBT00015
MENNICA SKARBOWA SPÓŁKA AKCYJNA,PLGRMNK00014
BPX SA,PLDOMEX00010
EFIX DOM MAKLERSKI SPÓŁKA AKCYJNA,PLEFIX000012
ADFORM GROUP SPÓŁKA AKCYJNA,PLADFRM00026
ZAKŁAD BUDOWY MASZYN ZREMB-CHOJNICE SPÓŁKA AKCYJNA,PLZBMZC00019
ALS Group SA,PLALSMC00016
HOLLYWOOD SPÓŁKA AKCYJNA,PLHOLWD00017
MOSTOSTAL WARSZAWA SA,PLMSTWS00019
AUTOMATYKA-POMIARY-STEROWANIE SPÓŁKA AKCYJNA,PLPOMST00012
FEMION TECHNOLOGY SPÓŁKA AKCYJNA,PLSMSKH00019
MOVIE GAMES VR SPÓŁKA AKCYJNA,PLIPODS00014
JRC GROUP SPÓŁKA AKCYJNA,PLPYLON00015
EUROSNACK SPÓŁKA AKCYJNA,PLERSNK00016
KOSZALIŃSKIE PRZEDSIĘBIORSTWO PRZEMYSLU DRZEWNEGO SA,PLKPPD000017
OT LOGISTICS S.A.,PLODRTS00017
MERCATOR MEDICAL SPÓŁKA AKCYJNA,PLMRCTR00015
LEASING-EXPERTS SPÓŁKA AKCYJNA,removed
NOVINA SPÓŁKA AKCYJNA,PLBABY000016
PELION SPÓŁKA AKCYJNA,PLMEDCS00015
VARSAV GAME STUDIOS SPÓŁKA AKCYJNA,PLYORIM00019
FORBUILD SPÓŁKA AKCYJNA,PLBETMX00013
GEOTERM,PLGTRMP00010
LUXIMA SPÓŁKA AKCYJNA,PLLUXIM00011
GLOBAL HYDROGEN SPÓŁKA AKCYJNA,PLTLVPL00014
OXYGEN SPÓŁKA AKCYJNA,PLSMOKS00015
MERLIN GROUP SPÓŁKA AKCYJNA,PLADMSV00013
PERMA-FIX MEDICAL SPÓŁKA AKCYJNA,PLGURDR00013
AITON CALDWELL SPÓŁKA AKCYJNA,PLATCDL00013
ONICO SPÓŁKA AKCYJNA,PLONCTR00028
FINTECH SPÓŁKA AKCYJNA,PLJRSDB00015
4FUN MEDIA SPÓŁKA AKCYJNA,PL4FNMD00013
MIRACULUM SPÓŁKA AKCYJNA,PLKLSTN00017
iCOM VISION HOLDING A.S,CZ0008467735
TILIA SPÓŁKA AKCYJNA,removed
MEX POLSKA SPÓŁKA AKCYJNA,PLMEXPL00010
ERATO ENERGY SPÓŁKA AKCYJNA,PLPBLIA00012
YOSHI INNOVATION SPÓŁKA AKCYJNA,PLACREO00019
SITE SPÓŁKA AKCYJNA,removed
TAMEX OBIEKTY SPORTOWE SPÓŁKA AKCYJNA,PLTAMEX00015
TAXUS FUND SPÓŁKA AKCYJNA,PLTXSFN00012
TELESTO SPÓŁKA AKCYJNA,PLTELST00017
5TH AVENUE HOLDING SPÓŁKA AKCYJNA,PL5AVNH00013
FIRMA OPONIARSKA DĘBICA SA,PLDEBCA00016
HORTICO SPÓŁKA AKCYJNA,PLHRTIC00014
GALVO SPÓŁKA AKCYJNA,PLGALVO00017
M FOOD SPÓŁKA AKCYJNA,PLMDVLP00016
URSUS SPÓŁKA AKCYJNA,PLPMWRM00012
TOWER INVESTMENTS SPÓŁKA AKCYJNA,PLTWRNV00013
TBULL,PLTBULL00024
INFOSYSTEMS S.A.,PLINFST00013
INVENTIONMED SPÓŁKA AKCYJNA,PLCDE0000010
THE FARM 51 GROUP SPÓŁKA AKCYJNA,PLFRMGR00015
ADVERTIGO SPÓŁKA AKCYJNA,PLADMSC00013
BIOERG SPÓŁKA AKCYJNA,PLBIORG00019
ZAKŁADY MIĘSNE HENRYK KANIA SPÓŁKA AKCYJNA,PLIZNS000022
MPAY SPÓŁKA AKCYJNA,PLMPAY000017
ESKIMOS SPÓŁKA AKCYJNA,PLESKMS00016
EURO-TAX SPÓŁKA AKCYJNA,PLEURTX00012
RUNICOM SPÓŁKA AKCYJNA,PLRUNCM00012
IMMOFUND SPÓŁKA AKCYJNA,removed
VENTURION INVESTMENT FUND SPÓŁKA AKCYJNA,PLAPCQT00016
MAXIPIZZA SPÓŁKA AKCYJNA,PLMXPZZ00015
INTERNETOWE BIURA SPRZEDAŻY NETSHOPS.PL SPÓŁKA AKCYJNA,removed
DFP DORADZTWO FINANSOWE SPÓŁKA AKCYJNA,PLDFP0000019
NOVIAN SPÓŁKA AKCYJNA,PLIBZIC00013
POLNORD SA,PLPOLND00019
DR.FINANCE SPÓŁKA AKCYJNA,PLDRD2400010
WDB BROKERZY UBEZPIECZENIOWI SPÓŁKA AKCYJNA,PLWDBBU00018
FAST FINANCE SPÓŁKA AKCYJNA,PLFSTFC00012
E-KIOSK SPÓŁKA AKCYJNA,PLEKOSK00019
MERA SPÓŁKA AKCYJNA,PLMERA000019
KLON SPÓŁKA AKCYJNA,PLKLON000010
COMPRESS SPÓŁKA AKCYJNA,removed
M10 SPÓŁKA AKCYJNA,removed
COGNOR S.A.,PLCNTSL00014
GRUPA EXORIGO-UPOS SPÓŁKA AKCYJNA,PLGEXUP00013
ENTER AIR SPÓŁKA AKCYJNA,PLENTER00017
MOMO SPÓŁKA AKCYJNA,PLMOMO000016
PZ CORMAY SPÓŁKA AKCYJNA,PLCMRAY00029
ORION INVESTMENT SPÓŁKA AKCYJNA,PLORION00018
LZMO SPÓŁKA AKCYJNA,PLLZMO000014
ELECTROCERAMICS SPÓŁKA AKCYJNA,PLGPFCS00018
ROTOPINO.PL SPÓŁKA AKCYJNA,PLMRKTC00010
ASTORIA CAPITAL SPÓŁKA AKCYJNA,PLBIOMD00058
WEST REAL ESTATE SPÓŁKA AKCYJNA,PLWREST00018
DANKS EUROPEJSKIE CENTRUM DORADZTWA PODATKOWEGO SPÓŁKA AKCYJNA,PLDANKS00014
G-ENERGY SPÓŁKA AKCYJNA,PLELKPE00014
POLARIS IT GROUP SPÓŁKA AKCYJNA,PLANMD000014
MVA GREEN ENERGY SPÓŁKA AKCYJNA,PLDBBGR00017
POLSKA AKADEMIA RACHUNKOWOŚCI SPÓŁKA AKCYJNA,PLMDVLP00016
PRESENT24,PLPRS2400012
KOFAMA,PLKFMKZ00015
DINOPL,PLDINPL00011
NOVAVIS GROUP SPÓŁKA AKCYJNA,PLNFI0500012
APIS SPÓŁKA AKCYJNA,PLHMSG000019
MTRANS,PLMTRNS00010
BIT EVIL,PLBTEVL00019
BIZTECH KONSULTING SPÓŁKA AKCYJNA,PLBZTKN00013
NEXTBIKE POLSKA SPÓŁKA AKCYJNA,PLNXTBK00018
XTPL,PLXTPL000018
CWA,PLCWA0000018
GRMEDIA SA,PLGRMID00019
CAMBRIDGE,PLCSPAM00017
SYGNITY SA,PLCMPLD00016
YELLOW BOSON SPÓŁKA AKCYJNA,PLINSAG00011
RADPOL SPÓŁKA AKCYJNA,PLRDPOL00010
ASBISc ENTERPRISES PLC,CY1000031710
APANET SPÓŁKA AKCYJNA,PLAPANT00017
PARTNER-NIERUCHOMOŚCI SPÓŁKA AKCYJNA,PLPRNRH00010
ENERGA SPÓŁKA AKCYJNA,PLENERG00022
ANALIZY ONLINE SPÓŁKA AKCYJNA,PLONLIN00013
GRUPA MODNE ZAKUPY SPÓŁKA AKCYJNA,PLINFSC00019
MEDGALIC,PLMDGLC00015
PROJPRZEM SA,PLPROJP00018
ELKOP Spółka Akcyjna,PLELKOP00013
TORPOL SPÓŁKA AKCYJNA,PLTORPL00016
LENTEX SA,PLLENTX00010
CAPITAL PARK SPÓŁKA AKCYJNA,PLCPPRK00037
CREATIVEFORGE GAMES SPÓŁKA AKCYJNA,PLCRFRG00016
BOOMBIT-PDA,PLBMBIT00010
ONESANO SPÓŁKA AKCYJNA,PLSKTAN00010
NOTORIA SERWIS SPÓŁKA AKCYJNA,PLNTRSW00019
PGE POLSKA GRUPA ENERGETYCZNA SPÓŁKA AKCYJNA,PLPGER000010
ZESPÓŁ ELEKTROCIEPŁOWNI WROCŁAWSKICH KOGENERACJA SA,PLKGNRC00015
DRAW DISTANCE SPÓŁKA AKCYJNA,PLIFN4L00018
FAM GRUPA KAPITAŁOWA SA,PLFAM0000012
ORANGE POLSKA SA,PLTLKPL00017
UBOAT-LINE SPÓŁKA AKCYJNA,PLUBTLN00012
BANK MILLENNIUM SPÓŁKA AKCYJNA,PLBIG0000016
EKOPOL GÓRNOŚLĄSKI HOLDING SPÓŁKA AKCYJNA,PLEKPLG00019
CALESCO SPÓŁKA AKCYJNA,PLCLESC00019
KBJ SPÓŁKA AKCYJNA,PLKBJ0000016
Black Lion Fund SA,PLNFI0400015
BIOFACTORY SPÓŁKA AKCYJNA,PLBFCTR00013
LABOCANNA SPÓŁKA AKCYJNA,PLCCTLS00017
SIMPLE SA,PLSIMPL00011
COMPERIA.PL SPÓŁKA AKCYJNA,PLCOMPR00010
FEERUM SPÓŁKA AKCYJNA,PLFEERM00018
KGL SA,PLKRKGL00012
FERRUM SA,PLFERUM00014
ZPUE S.A.,PLZPUE000012
VISTAL GDYNIA SPÓŁKA AKCYJNA,PLVTLGD00010
SETANTA SPÓŁKA AKCYJNA,PLSNTFG00017
ATM GRUPA SA,PLATM0000021
SFINKS POLSKA SPÓŁKA AKCYJNA,PLSFNKS00011
LSI SOFTWARE SPÓŁKA AKCYJNA,PLLSSFT00016
I2DEV,PLI2DVL00014
CAPITEA S.A.,PLGTBCK00297
GAMEOPS,PLGMSOP00019
BBI Development SA,PLNFI1200018
PBS Finanse SA,PLBEFSN00010
NTT SYSTEM SPÓŁKA AKCYJNA,PLNTSYS00013
MAXCOM,PLMXCMS00016
SIMFABRIC,PLSMFBC00016
NANOGROUP,PLNNGRP00011
STARHEDGE SPÓŁKA AKCYJNA,PLHRDEX00021
POLSKI KONCERN NAFTOWY ORLEN SA,PLPKN0000018
EUROPEJSKIE CENTRUM ODSZKODOWAŃ SPÓŁKA AKCYJNA,PLERPCO00017
TENDERHUT,PLTNDRH00012
CIECH SA,PLCIECH00018
INTERMA TRADE Spółka Akcyjna,PLBRIJU00010
ING BANK ŚLĄSKI SA,PLBSK0000017
ADIUVO INVESTMENTS SPÓŁKA AKCYJNA,PLADVIV00015
BEST SA,PLBEST000010
BANK OCHRONY ŚRODOWISKA SA,PLBOS0000019
ARTGAMES,PLARTGS00019
Astarta Holding N.V.,NL0000686509
PYRAMID GAMES SA,PLPRMGM00015
CDA,PLCDA0000018
SELVITA,PLSLVCR00029
RAEN SPÓŁKA AKCYJNA,PLIQPRT00017
MEDINICE,PLMDNCE00016
Dadelo SA,PLDADEL00013
CHERRY,PLCHRPK00018
ASMODEV,PLASMDV00013
SDSOPTIC,PLSDSOP00013
NOCTILUCA,PLNCTLC00018
APS ENERGIA SPÓŁKA AKCYJNA,PLAPSEN00011
ENERGOAPARATURA SA,PLENAP000010
CLNPHARMA-PDA,PLCLNPH00015
KRYNICKI RECYKLING SPÓŁKA AKCYJNA,PLKRNRC00012
ASSECO Poland SA,PLSOFTB00016
STS HOLDING SA,PLSTSHL00012
ENEA S.A.,PLENEA000013
POLISH ENERGY PARTNERS SA,PLPLSEP00013
SPYROSOFT,PLSPRSF00011
CLOUD TECHNOLOGIES SPÓŁKA AKCYJNA,PLCLDTC00019
GRUPA KĘTY SA,PLKETY000011
ASSECO SOUTH EASTERN EUROPE SPÓŁKA AKCYJNA,PLASSEE00014
KOFOLA SPÓŁKA AKCYJNA,PLHOOP000010
PRZETWÓRSTWO TWORZYW SZTUCZNYCH PLAST-BOX SA,PLPSTBX00016
SYNTHOS SA,PLDWORY00019
GRUPA DUON SPÓŁKA AKCYJNA,PLCPENR00035
ROBINSON EUROPE SPÓŁKA AKCYJNA,PLRBSNE00015
GRODNO SPÓŁKA AKCYJNA,PLGRODN00015
AVIA SOLUTIONS GROUP AB,LT0000128381
SYGNIS SPÓŁKA AKCYJNA,PLMODE000019
POLSKI FUNDUSZ HIPOTECZNY SPÓŁKA AKCYJNA,PLPLFHP00013
PL GROUP SPÓŁKA AKCYJNA,PLRAJDY00015
PLASTPACK COMPANY SPÓŁKA AKCYJNA,PLPSTCM00017
JR HOLDING ALTERNATYWNA SPÓŁKA INWESTYCYJNA SPÓŁKA AKCYJNA,PLJRINV00013
ESPEROTIA ENERGY INVESTMENTS SPÓŁKA AKCYJNA,PLESPRT00012
COPERNICUS SECURITIES SPÓŁKA AKCYJNA W RESTRUKTURYZACJI,PLCPRSC00012
EKO-OZE SPÓŁKA AKCYJNA,PLDNTMD00012
WEEDO SPÓŁKA AKCYJNA,removed
GEKOPLAST,PLGKPLS00019
SECOND CHAMBER SPÓŁKA AKCYJNA,PLWKPRK00010
NEMEX SPÓŁKA AKCYJNA,PLNEMEX00010
POWER PRICE SPÓŁKA AKCYJNA,PLPWRPR00014
PCZ SPÓŁKA AKCYJNA,PLPCZ0000027
ABBEY HOUSE GROUP SPÓŁKA AKCYJNA,removed
DIGITREE GROUP SPÓŁKA AKCYJNA,PLSARE000013
MEDIACAP SPÓŁKA AKCYJNA,PLEMLAB00018
MONDAY DEVELOPMENT SPÓŁKA AKCYJNA,removed
HETAN,PLDFP0000019
ASM GROUP SPÓŁKA AKCYJNA,PLASMGR00014
FUNDUSZ HIPOTECZNY DOM SPÓŁKA AKCYJNA,PLFHDOM00010
POLFA SPÓŁKA AKCYJNA,PLBMMDC00014
AERFINANCE PLC,GB00B42V2T10
NETIA SA,PLNETIA00014
Ronson Development SE,NL0006106007
EKOBOX SPÓŁKA AKCYJNA,PLEKOBX00018
MAGNA POLONIA SA,PLNFI0600010
GKS GIEKSA KATOWICE SPÓŁKA AKCYJNA,PLGKS0000016
POWER MEDIA SPÓŁKA AKCYJNA,PLPWRMD00011
TRIGGO,PLTRGG000014
P2CHILL,PLPLCHL00019
GENXONE,PLGENXN00013
TESGAS SPÓŁKA AKCYJNA,PLTSGS000019
FTIPROFIT,PLBNFTS00018
EXIMIT,PLEXIM000013
URTESTE,PLURTST00010
BLU PRE IPO SPÓŁKA AKCYJNA,PLCRBON00018
INCUVO,PLA295700027
1SOLUTION,PLONESL00011
MASSMEDICA SPÓŁKA AKCYJNA,PLMSMDC00018
SOLAR COMPANY SPÓŁKA AKCYJNA,PLSLRCP00021
SWALLET,PLSKNWL00011
DRAGOENT,PLDRG0000013
ECO5TECH,PLEC5TH00024
DECORA SA,PLDECOR00013
UNILABGAM,PLUNTDL00018
ROAD STUDIO SPÓŁKA AKCYJNA,PLA348700016
MADMIND STUDIO SPÓŁKA AKCYJNA,PLA346100011
RENDER CUBE SPÓŁKA AKCYJNA,PLRNDCB00011
HGAMES,removed
CARPATHIA,PLCRPCP00034
Eneida Games SA,PLHDRGM00011
SONKA SA,PLSNK0000012
STARWARD INDUSTRIES SPÓŁKA AKCYJNA,PLSTRWI00019
CONSTANCE CARE SPÓŁKA AKCYJNA,PLCNSTC00013
MASTERPHA,PLMSTPH00016
OPTEAM SPÓŁKA AKCYJNA,PLOPTEM00012
Polski Koncern Mięsny DUDA S.A.,PLDUDA000016
PEGAS NONWOVENS S.A.,LU0275164910
W. Kruk S.A.,PLKRK0000010
INTERNATIONAL PERSONAL FINANCE PLC,GB00B1YKG049
DRAGEUS GAMES SPÓŁKA AKCYJNA,PLDRGGM00013
4MASS,PL4MASS00011
7LEVELS,PL7LVLS00017
GAMIVO,PLGMV0000016
SLASKIEKA,PLSLKAM00019
AQUATECH,PLAQTCH00013
QUARTICON,PLQRTCN00015
CM INTERNATIONAL SPÓŁKA AKCYJNA,PLCMINT00013
STILO ENERGY SPÓŁKA AKCYJNA,PLSTLNR00012
ATOMJELLY,PLATMCJ00018
OVIDWORKS,PLOVIDW00014
KLABATER,PLKLBTR00014
CONSOLE LABS SPÓŁKA AKCYJNA,PLCNSLB00012
WOODPCKR,PLWDPCK00017
CARBONSTU,PLCRBST00016
NESTMEDIC,PLNSTMD00010
QUBICGMS,PLQBCGM00018
KOOL2PLAY,PLKL2PL00014
IMMGAMES,PLIMRGM00010
THEDUST,PLTHDST00017
POINTPACK,PLPNTPK00014
PUNCH PUNK SA,PLPNCHP00016
PHI Wierzytelności SA,PL71MDA00018
DETGAMES,PLDTLGM00019
ECCGAMES,PLECCGM00012
EKOPARK,PLPRIPK00018
PLANTWEAR,PLPLNTW00018
BEEIN,PLA346500012
BLACKROSE,PLBLRSP00015
HIPROMINE,PLHPRMN00037
ALUMETAL SPÓŁKA AKCYJNA,PLALMTL00023
DGNET,PLDGNET00012
REDDEV,PLRDDVS00016
MOVIEGAMES,PLMVGMS00011
SEKO SPÓŁKA AKCYJNA,PLSEKO000014
GOVENA LIGHTING SPÓŁKA AKCYJNA,PLGVNLT00019
ORCO PROPERTY GROUP SOCIETE ANONYME,LU0122624777
STELMET,PLSTLMT00010
EUROCASH SA,PLEURCH00011
GLOBAL COSMED SPÓŁKA AKCYJNA,PLGLBLC00011
AUTOPARTN,PLATPRT00018
Eurotel Spółka Akcyjna,PLERTEL00011
INDYKPOL SPÓŁKA AKCYJNA,PLINDKP00013
POLCOLORIT SA,PLPCLRT00029
TRANS POLONIA SPÓŁKA AKCYJNA,PLTRNSP00013
FARMACOL SA,PLFRMCL00066
TELFORCEONE SPÓŁKA AKCYJNA,PLTFONE00011
REDWOOD Holding SPÓŁKA AKCYJNA,PLCMPLX00014
ARCUS SPÓŁKA AKCYJNA,PLARCUS00040
FAMUR Spółka Akcyjna,PLFAMUR00012
Drewex Spółka Akcyjna,PLDREWX00012
B3SYSTEM SPÓŁKA AKCYJNA,PLBSSTM00013
COLIAN HOLDINGS Spółka Akcyjna,PLJTRZN00011
INTAKUS SPÓŁKA AKCYJNA,removed
PRÓCHNIK SA,PLPRCHK00018
INDATA SOFTWARE SPÓŁKA AKCYJNA,PLTROMD00010
HAWE SA,PLVENTS00019
PBG SA,PLPBG0000029
INVENTUM TOWARZYSTWO FUNDUSZY INWESTYCYJNYCH SA,PLIDATF00012
ALMA MARKET SA,PLKRCHM00015
CUBE.ITG SPÓŁKA AKCYJNA,PLMCINT00013
EPIGON SPÓŁKA AKCYJNA,PLEPIGN00019
SONEL SPÓŁKA AKCYJNA,PLSONEL00011
BIOCELTIX,PLBCLTX00019
TIM SA,PLTIM0000016
MONNARI TRADE Spółka Akcyjna,PLMNRTR00012
ASSECO CENTRAL EUROPE a.s.,SK1120009230
GIEŁDA PAPIERÓW WARTOŚCIOWYCH W WARSZAWIE SA,PLGPW0000017
UniCredit S.p.A.,IT0005239360
BANK POLSKA KASA OPIEKI SPÓŁKA AKCYJNA,PLPEKAO00016
ARTIFEX,PLARTFX00011
CYBER_FOLKS SA,PLR220000018
VERCOM,PLVRCM000016
GREENX METALS,AU0000198939
MILTON ESSEX SA,PLMLTNE00013
FOTO VOLT EKO ENERGIA SPÓŁKA AKCYJNA,PLINVFM00012
MPL VERBUM SPÓŁKA AKCYJNA,PLMPLVR00016
RAWLPLUG S.A.,PLKLNR000017
FON SA,EE3100100835
MSX RESOURCES SA,PLMSTEX00017
OEX SPÓŁKA AKCYJNA,PLTELL000023
ROVESE SPÓŁKA AKCYJNA,PLCRSNT00011
CZERWONA TOREBKA SPÓŁKA AKCYJNA,PLCRWTR00022
NAVIMOR-INVEST SA,PLNVMRI00017
PRZEDSIĘBIORSTWO PRODUKCYJNO-HANDLOWE KOMPAP SA,PLKOMPP00017
DEVELIA,PLLCCRP00017
ARCTIC PAPER SPÓŁKA AKCYJNA,PLARTPR00012
FOTA SPÓŁKA AKCYJNA,PLFOTA000014
Wilbo SA,PLWILBO00019
YAWAL SPÓŁKA AKCYJNA,PLYAWAL00058
RESBUD SPÓŁKA AKCYJNA,PLRESBD00032
EUROPEJSKI FUNDUSZ HIPOTECZNY SA,PLEFH0000022
TSGAMES,PLTSQGM00016
Arteria Spółka Akcyjna,PLARTER00016
PCC EXOL SPÓŁKA AKCYJNA,PLPCCEX00010
WEALTH BAY SPÓŁKA AKCYJNA,PLWLTHB00010
ARTEFE SPÓŁKA AKCYJNA,PLARTFX00011
ABPOL COMPANY POLSKA SPÓŁKA AKCYJNA,PLABPLC00015
COLEOS SPÓŁKA AKCYJNA,removed
SEVENET SPÓŁKA AKCYJNA,PLSVNET00019
FUTURIS SPÓŁKA AKCYJNA,PLBINVT00016
ATAL-PDA,PLATAL000228
MACRO GAMES SPÓŁKA AKCYJNA,PLMRCGM00013
MOTORICUS SPÓŁKA AKCYJNA,PLOPONX00011
PASSUS,PLPSSUS00018
BSC DRUKARNIA OPAKOWAŃ SPÓŁKA AKCYJNA,PLBSCDO00017
NWAI DOM MAKLERSKI SPÓŁKA AKCYJNA,PLNWAI000017
Intersport Polska Spółka Akcyjna,PLINTSP00038
BELVEDERE S.A.,FR0000060873
WDMCP,PLWDMCP00013
INVESTMENT FRIENDS SPÓŁKA AKCYJNA,EE3100099391
MCI MANAGEMENT SA,PLMCIMG00012
KREZUS Spółka Akcyjna,PLNFI0200019
INTEGER.PL SPÓŁKA AKCYJNA,PLINTEG00011
INPOST,PLINPST00012
PEIXIN INTERNATIONAL GROUP N.V.,NL0010577052
NOVITA SA,PLNVITA00018
STALPROFIL SA,PLSTLPF00012
MARVIPOL,PLMRVDV00011
MEDIATEL SA,PLSMMDA00012
PHOTON ENERGY N.V.,NL0010391108
GORENJE GOSPODINJSKI APARAT D.D.,SI0031104076
LMGAMES,PLLVMGM00016
DBENERGY,PLDBENR00017
ZENERIS,PLA351100013
MEGAPIXEL,PLMGPLS00015
GRAPHENE,PLADVGP00011
PURE BIOLOGICS SPÓŁKA AKCYJNA,PLPRBLG00010
PBGAMES,PLPRMBG00018
CREOTECH INSTRUMENTS S.A.,PLCRTCH00017
LEGIMI,PLLGIMI00029
DUALITY,PLDLITY00010
GENOMTEC,PLGNMTC00017
NOOBZ FROM POLAND SPÓŁKA AKCYJNA,PLPLNTR00018
NOVATURAS,LT0000131872
ASSECO BUSINESS SOLUTIONS SPÓŁKA AKCYJNA,PLABS0000018
KSG AGRO S.A.,LU0611262873
ELEKTROBUDOWA SA,PLELTBD00017
HYGIENIKA S.A.,PLHGNKA00028
ABM SOLID SPÓŁKA AKCYJNA,PLABMSD00015
DGA SA,PLDGA0000019
CAM MEDIA SPÓŁKA AKCYJNA,PLCAMMD00032
MILKILAND N.V.,NL0009508712
PRIME CAR MANAGEMENT SPÓŁKA AKCYJNA,PLPRMCM00048
ANSWEAR.COM SA,PLANSWR00019
BRAND24 SA,PLBRN2400013
JHM DEVELOPMENT SPÓŁKA AKCYJNA,PLJHMDL00018
IBC POLSKA F&P SPÓŁKA AKCYJNA,PLIBCPL00018
BIK,PLBIKPT00014
GOOD IDEA SPÓŁKA AKCYJNA,removed
ZAKŁADY AUTOMATYKI POLNA SA,PLPOLNA00015
ULMA Construccion Polska SA,PLBAUMA00017
MMAKERS,PLMNMRS00015
FABRYKA OBRABIAREK RAFAMET SA,PLRFMET00016
ATREM SPÓŁKA AKCYJNA,PLATREM00017
TRAVELPLANET.PL SA,PLTRVPL00011
Quantum Software SA,PLQNTUM00018
ELEMENTAL HOLDING SPÓŁKA AKCYJNA,PLELMTL00017
ADVADIS SPÓŁKA AKCYJNA,PLMBRST00015
HUUUGE-S144,US44853H1086
GINO ROSSI SPÓŁKA AKCYJNA,PLGNRSI00015
AATHOLD,PLAATHL00018
MEWA SA,PLMEWA000012
ULTGAMES,PLULTGM00013
IDEON SPÓŁKA AKCYJNA,PLCNTZP00010
POLTREG,PLPLTRG00038
MLSYSTEM,PLMLSTM00015
FORMUŁA 8 SPÓŁKA AKCYJNA,removed
SANTANDER,PLBZ00000044
PEPCO,NL0015000AU7
NICOLAS GAMES SPÓŁKA AKCYJNA,PLNCLGM00014
ALTERCO SA,PLSRBEX00014
PEKAES SA,PLPEKAS00017
IRON WOLF,PLA319800019
POLYSLASH,PLPOLSL00011
AQUA S.A.,PLAQUA000014
MOONLIT,PLMNLIT00014
GPRE,NL0012235980
GEOINVENT SPÓŁKA AKCYJNA,removed
AGTES SPÓŁKA AKCYJNA,PLAGTES00017
GAMESBOX,PLGMSBX00010
LTGAMES,PLLNTRG00017
EMPLOCITY,PLEMPCT00017
REDCARPET,PLRCMGR00012
KUBOTA,PLKBT0000015
NEW WORLD RESOURCES PLC,GB00B42CTW68
E-KANCELARIA GRUPA PRAWNO-FINANSOWA SPÓŁKA AKCYJNA,PLEKGPF00011
OUTDOORZY,PLOUTDR00013
SIMTERACT,PLSMTRC00013
IMAGEPWR,PLIMGPW00013
BMP MEDIA INVESTORS AG,DE0003304200
KDM SHIPPING PUBLIC LIMITED,CY0102492119
ONDE,PLONDE000018
BKDGAMES,PLBKDGM00019
GAMFACTOR,PLGMNGF00017
BAUMAL GROUP SPÓŁKA AKCYJNA,PLBMLGR00017
POWSZECHNE TOWARZYSTWO INWESTYCYJNE SPÓŁKA AKCYJNA,removed
PINOTCARO SPÓŁKA AKCYJNA,removed
SADOVAYA GROUP S.A.,LU0564351582
CASH FLOW SPÓŁA AKCYJNA,PLCASHF00018
GREENX,AU0000198939
